{
  "templates": [
    {
      "id": 1,
      "name": "First Template",
      "schema": [
        "START DATE",
        "NUMBER OF STUDENTS",
        "IS FREE",
        "COURSE TITLE"
      ]
    },
    {
      "id": 2,
      "name": "Second Template",
      "schema": [
        "FirstName",
        "LastName"
      ]
    },
    {
      "id": 3,
      "name": "Third Template",
      "schema": [
        "Name",
        "Age"
      ]
    }
  ],
  "excelData": [
    {
      "id": 1,
      "template_id": 1,
      "schema": [
        "START DATE",
        "NUMBER OF STUDENTS",
        "IS FREE",
        "COURSE TITLE"
      ],
      "data": [
        {
          "START DATE": "15/10/2017",
          "NUMBER OF STUDENTS": 32,
          "IS FREE": true,
          "COURSE TITLE": "Dulce",
          "user": "ok",
          "comment": "op"
        },
        {
          "START DATE": "16/08/2016",
          "NUMBER OF STUDENTS": 25,
          "IS FREE": true,
          "COURSE TITLE": "Mara",
          "user": "ok",
          "comment": "op"
        }
      ]
    },
    {
      "id": 2,
      "template_id": 2,
      "schema": [
        "FirstName",
        "LastName"
      ],
      "data": [
        {
          "FirstName": "Tarang",
          "LastName": "Sachdev",
          "user": "",
          "comment": ""
        },
        {
          "FirstName": "Punit",
          "LastName": "Mirani",
          "user": "",
          "comment": ""
        },
        {
          "FirstName": "Tarang",
          "LastName": "Sachdev",
          "user": "TArabf",
          "comment": "Test"
        },
        {
          "FirstName": "Punit",
          "LastName": "Mirani",
          "user": "TArabf",
          "comment": "Test"
        },
        {
          "FirstName": "Tarang",
          "LastName": "Sachdev",
          "user": "TAs",
          "comment": "asd"
        },
        {
          "FirstName": "Punit",
          "LastName": "Mirani",
          "user": "TAs",
          "comment": "asd"
        },
        {
          "FirstName": "Tarang",
          "LastName": "Sachdev",
          "user": "TAs",
          "comment": "asd"
        },
        {
          "FirstName": "Punit",
          "LastName": "Mirani",
          "user": "TAs",
          "comment": "asd"
        }
      ]
    },
    {
      "id": 3,
      "template_id": 3,
      "schema": [
        "Name",
        "Age"
      ],
      "data": []
    }
  ]
}