{
  "templates": [
    {
      "id": 1,
      "name": "First Template",
      "schema": [
        "START DATE",
        "NUMBER OF STUDENTS",
        "IS FREE",
        "COURSE TITLE"
      ]
    },
    {
      "id": 2,
      "name": "Second Template",
      "schema": [
        "FirstName",
        "LastName"
      ]
    },
    {
      "id": 3,
      "name": "Third Template",
      "schema": [
        "Name",
        "Age"
      ]
    }
  ],
  "excelData": [
    {
      "id": 1,
      "template_id": 1,
      "schema": [
        "START DATE",
        "NUMBER OF STUDENTS",
        "IS FREE",
        "COURSE TITLE"
      ],
      "data": [
        {
          "START DATE": "15/10/2017",
          "NUMBER OF STUDENTS": 32,
          "IS FREE": true,
          "COURSE TITLE": "Dulce",
          "user": "ok",
          "comment": "op"
        },
        {
          "START DATE": "16/08/2016",
          "NUMBER OF STUDENTS": 25,
          "IS FREE": true,
          "COURSE TITLE": "Mara",
          "user": "ok",
          "comment": "op"
        },
        {
          "START DATE": "21/05/2015",
          "NUMBER OF STUDENTS": 36,
          "IS FREE": true,
          "COURSE TITLE": "Philip",
          "user": "ok",
          "comment": "op"
        },
        {
          "START DATE": "15/10/2017",
          "NUMBER OF STUDENTS": 25,
          "IS FREE": true,
          "COURSE TITLE": "Kathleen",
          "user": "ok",
          "comment": "op"
        },
        {
          "START DATE": "16/08/2016",
          "NUMBER OF STUDENTS": 58,
          "IS FREE": true,
          "COURSE TITLE": "Nereida",
          "user": "ok",
          "comment": "op"
        },
        {
          "START DATE": "21/05/2015",
          "NUMBER OF STUDENTS": 24,
          "IS FREE": true,
          "COURSE TITLE": "Gaston",
          "user": "ok",
          "comment": "op"
        },
        {
          "START DATE": "15/10/2017",
          "NUMBER OF STUDENTS": 56,
          "IS FREE": true,
          "COURSE TITLE": "Etta",
          "user": "ok",
          "comment": "op"
        },
        {
          "START DATE": "16/08/2016",
          "NUMBER OF STUDENTS": 27,
          "IS FREE": true,
          "COURSE TITLE": "Earlean",
          "user": "ok",
          "comment": "op"
        },
        {
          "START DATE": "21/05/2015",
          "NUMBER OF STUDENTS": 40,
          "IS FREE": true,
          "COURSE TITLE": "Vincenza",
          "user": "ok",
          "comment": "op"
        }
      ]
    },
    {
      "id": 2,
      "template_id": 2,
      "schema": [
        "FirstName",
        "LastName"
      ],
      "data": []
    },
    {
      "id": 3,
      "template_id": 3,
      "schema": [
        "Name",
        "Age"
      ],
      "data": []
    }
  ]
}