{
  "baseTemperature": 8.66,
  "monthlyVariance": [
    {
      "year": 2000,
      "month": 1,
      "variance": 0.352
    },
    {
      "year": 2000,
      "month": 2,
      "variance": -0.948
    },
    {
      "year": 2000,
      "month": 3,
      "variance": 0.865
    },
    {
      "year": 2000,
      "month": 4,
      "variance": -1.185
    },
    {
      "year": 2000,
      "month": 5,
      "variance": 0.491
    },
    {
      "year": 2000,
      "month": 6,
      "variance": 0.542
    },
    {
      "year": 2000,
      "month": 7,
      "variance": 0.425
    },
    {
      "year": 2000,
      "month": 8,
      "variance": 0.58
    },
    {
      "year": 2000,
      "month": 9,
      "variance": 0.42
    },
    {
      "year": 2000,
      "month": 10,
      "variance": 0.231
    },
    {
      "year": 2000,
      "month": 11,
      "variance": 0.226
    },
    {
      "year": 2000,
      "month": 12,
      "variance": -0.233
    },
    {
      "year": 2001,
      "month": 1,
      "variance": -0.734
    },
    {
      "year": 2001,
      "month": 2,
      "variance": 0.501
    },
    {
      "year": 2001,
      "month": 3,
      "variance": 0.872
    },
    {
      "year": 2001,
      "month": 4,
      "variance": 0.862
    },
    {
      "year": 2001,
      "month": 5,
      "variance": 0.872
    },
    {
      "year": 2001,
      "month": 6,
      "variance": 0.556
    },
    {
      "year": 2001,
      "month": 7,
      "variance": 0.732
    },
    {
      "year": 2001,
      "month": 8,
      "variance": 0.502
    },
    {
      "year": 2001,
      "month": 9,
      "variance": 0.615
    },
    {
      "year": 2001,
      "month": 10,
      "variance": 0.677
    },
    {
      "year": 2001,
      "month": 11,
      "variance": 1.232
    },
    {
      "year": 2001,
      "month": 12,
      "variance": 0.88
    },
    {
      "year": 2002,
      "month": 1,
      "variance": 1.424
    },
    {
      "year": 2002,
      "month": 2,
      "variance": 1.481
    },
    {
      "year": 2002,
      "month": 3,
      "variance": 1.431
    },
    {
      "year": 2002,
      "month": 4,
      "variance": -0.858
    },
    {
      "year": 2002,
      "month": 5,
      "variance": 0.863
    },
    {
      "year": 2002,
      "month": 6,
      "variance": -0.528
    },
    {
      "year": 2002,
      "month": 7,
      "variance": 0.921
    },
    {
      "year": 2002,
      "month": 8,
      "variance": 0.634
    },
    {
      "year": 2002,
      "month": 9,
      "variance": 0.802
    },
    {
      "year": 2002,
      "month": 10,
      "variance": 0.725
    },
    {
      "year": 2002,
      "month": 11,
      "variance": 0.806
    },
    {
      "year": 2002,
      "month": 12,
      "variance": 0.409
    },
    {
      "year": 2003,
      "month": 1,
      "variance": 1.384
    },
    {
      "year": 2003,
      "month": 2,
      "variance": 0.879
    },
    {
      "year": 2003,
      "month": 3,
      "variance": 0.72
    },
    {
      "year": 2003,
      "month": 4,
      "variance": 0.784
    },
    {
      "year": 2003,
      "month": 5,
      "variance": 0.769
    },
    {
      "year": 2003,
      "month": 6,
      "variance": 0.463
    },
    {
      "year": 2003,
      "month": 7,
      "variance": 0.558
    },
    {
      "year": 2003,
      "month": 8,
      "variance": -0.756
    },
    {
      "year": 2003,
      "month": 9,
      "variance": -0.772
    },
    {
      "year": 2003,
      "month": 10,
      "variance": -1.168
    },
    {
      "year": 2003,
      "month": 11,
      "variance": 0.626
    },
    {
      "year": 2003,
      "month": 12,
      "variance": 1.516
    },
    {
      "year": 2004,
      "month": 1,
      "variance": 0.918
    },
    {
      "year": 2004,
      "month": 2,
      "variance": 1.284
    },
    {
      "year": 2004,
      "month": 3,
      "variance": 0.99
    },
    {
      "year": 2004,
      "month": 4,
      "variance": 0.869
    },
    {
      "year": 2004,
      "month": 5,
      "variance": 0.181
    },
    {
      "year": 2004,
      "month": 6,
      "variance": -2.331
    },
    {
      "year": 2004,
      "month": 7,
      "variance": -2.098
    },
    {
      "year": 2004,
      "month": 8,
      "variance": 0.267
    },
    {
      "year": 2004,
      "month": 9,
      "variance": 0.528
    },
    {
      "year": 2004,
      "month": 10,
      "variance": 0.878
    },
    {
      "year": 2004,
      "month": 11,
      "variance": 1.223
    },
    {
      "year": 2004,
      "month": 12,
      "variance": 0.638
    },
    {
      "year": 2005,
      "month": 1,
      "variance": 1.211
    },
    {
      "year": 2005,
      "month": 2,
      "variance": 0.716
    },
    {
      "year": 2005,
      "month": 3,
      "variance": 1.223
    },
    {
      "year": 2005,
      "month": 4,
      "variance": -2.246
    },
    {
      "year": 2005,
      "month": 5,
      "variance": 0.851
    },
    {
      "year": 2005,
      "month": 6,
      "variance": 0.94
    },
    {
      "year": 2005,
      "month": 7,
      "variance": 0.779
    },
    {
      "year": 2005,
      "month": 8,
      "variance": 0.602
    },
    {
      "year": 2005,
      "month": 9,
      "variance": 1.093
    },
    {
      "year": 2005,
      "month": 10,
      "variance": 1.333
    },
    {
      "year": 2005,
      "month": 11,
      "variance": 1.314
    },
    {
      "year": 2005,
      "month": 12,
      "variance": 1.257
    },
    {
      "year": 2006,
      "month": 1,
      "variance": 0.709
    },
    {
      "year": 2006,
      "month": 2,
      "variance": 1.235
    },
    {
      "year": 2006,
      "month": 3,
      "variance": 0.999
    },
    {
      "year": 2006,
      "month": 4,
      "variance": 0.691
    },
    {
      "year": 2006,
      "month": 5,
      "variance": 0.398
    },
    {
      "year": 2006,
      "month": 6,
      "variance": 0.884
    },
    {
      "year": 2006,
      "month": 7,
      "variance": 0.626
    },
    {
      "year": 2006,
      "month": 8,
      "variance": 0.99
    },
    {
      "year": 2006,
      "month": 9,
      "variance": 0.731
    },
    {
      "year": 2006,
      "month": 10,
      "variance": -4.044
    },
    {
      "year": 2006,
      "month": 11,
      "variance": 0.858
    },
    {
      "year": 2006,
      "month": 12,
      "variance": 1.358
    },
    {
      "year": 2007,
      "month": 1,
      "variance": 1.989
    },
    {
      "year": 2007,
      "month": 2,
      "variance": 1.032
    },
    {
      "year": 2007,
      "month": 3,
      "variance": 1.167
    },
    {
      "year": 2007,
      "month": 4,
      "variance": 1.472
    },
    {
      "year": 2007,
      "month": 5,
      "variance": 1.131
    },
    {
      "year": 2007,
      "month": 6,
      "variance": 0.76
    },
    {
      "year": 2007,
      "month": 7,
      "variance": 0.801
    },
    {
      "year": 2007,
      "month": 8,
      "variance": 0.822
    },
    {
      "year": 2007,
      "month": 9,
      "variance": 0.801
    },
    {
      "year": 2007,
      "month": 10,
      "variance": 1.082
    },
    {
      "year": 2007,
      "month": 11,
      "variance": 1.0
    },
    {
      "year": 2007,
      "month": 12,
      "variance": -4.903
    },
    {
      "year": 2008,
      "month": 1,
      "variance": 0.277
    },
    {
      "year": 2008,
      "month": 2,
      "variance": 0.387
    },
    {
      "year": 2008,
      "month": 3,
      "variance": 1.595
    },
    {
      "year": 2008,
      "month": 4,
      "variance": 0.915
    },
    {
      "year": 2008,
      "month": 5,
      "variance": 0.651
    },
    {
      "year": 2008,
      "month": 6,
      "variance": 0.602
    },
    {
      "year": 2008,
      "month": 7,
      "variance": 0.753
    },
    {
      "year": 2008,
      "month": 8,
      "variance": 0.433
    },
    {
      "year": 2008,
      "month": 9,
      "variance": 0.656
    },
    {
      "year": 2008,
      "month": 10,
      "variance": 1.143
    },
    {
      "year": 2008,
      "month": 11,
      "variance": 1.122
    },
    {
      "year": 2008,
      "month": 12,
      "variance": 0.76
    },
    {
      "year": 2009,
      "month": 1,
      "variance": 1.086
    },
    {
      "year": 2009,
      "month": 2,
      "variance": 0.88
    },
    {
      "year": 2009,
      "month": 3,
      "variance": 0.756
    },
    {
      "year": 2009,
      "month": 4,
      "variance": -4.005
    },
    {
      "year": 2009,
      "month": 5,
      "variance": -3.727
    },
    {
      "year": 2009,
      "month": 6,
      "variance": -6.653
    },
    {
      "year": 2009,
      "month": 7,
      "variance": -4.795
    },
    {
      "year": 2009,
      "month": 8,
      "variance": -2.728
    },
    {
      "year": 2009,
      "month": 9,
      "variance": 1.019
    },
    {
      "year": 2009,
      "month": 10,
      "variance": 0.882
    },
    {
      "year": 2009,
      "month": 11,
      "variance": 0.93
    },
    {
      "year": 2009,
      "month": 12,
      "variance": 0.68
    },
    {
      "year": 2010,
      "month": 1,
      "variance": -1.145
    },
    {
      "year": 2010,
      "month": 2,
      "variance": 1.189
    },
    {
      "year": 2010,
      "month": 3,
      "variance": -1.424
    },
    {
      "year": 2010,
      "month": 4,
      "variance": 1.304
    },
    {
      "year": 2010,
      "month": 5,
      "variance": -1.009
    },
    {
      "year": 2010,
      "month": 6,
      "variance": 0.905
    },
    {
      "year": 2010,
      "month": 7,
      "variance": 0.795
    },
    {
      "year": 2010,
      "month": 8,
      "variance": 0.837
    },
    {
      "year": 2010,
      "month": 9,
      "variance": 0.726
    },
    {
      "year": 2010,
      "month": 10,
      "variance": -1.206
    },
    {
      "year": 2010,
      "month": 11,
      "variance": -1.408
    },
    {
      "year": 2010,
      "month": 12,
      "variance": 0.67
    },
    {
      "year": 2011,
      "month": 1,
      "variance": 0.716
    },
    {
      "year": 2011,
      "month": 2,
      "variance": 0.551
    },
    {
      "year": 2011,
      "month": 3,
      "variance": 0.789
    },
    {
      "year": 2011,
      "month": 4,
      "variance": 1.121
    },
    {
      "year": 2011,
      "month": 5,
      "variance": 0.592
    },
    {
      "year": 2011,
      "month": 6,
      "variance": 0.84
    },
    {
      "year": 2011,
      "month": 7,
      "variance": 1.054
    },
    {
      "year": 2011,
      "month": 8,
      "variance": 1.084
    },
    {
      "year": 2011,
      "month": 9,
      "variance": 0.786
    },
    {
      "year": 2011,
      "month": 10,
      "variance": 1.106
    },
    {
      "year": 2011,
      "month": 11,
      "variance": 0.735
    },
    {
      "year": 2011,
      "month": 12,
      "variance": 1.052
    },
    {
      "year": 2012,
      "month": 1,
      "variance": 0.568
    },
    {
      "year": 2012,
      "month": 2,
      "variance": 0.456
    },
    {
      "year": 2012,
      "month": 3,
      "variance": 0.703
    },
    {
      "year": 2012,
      "month": 4,
      "variance": 1.31
    },
    {
      "year": 2012,
      "month": 5,
      "variance": 1.187
    },
    {
      "year": 2012,
      "month": 6,
      "variance": 0.935
    },
    {
      "year": 2012,
      "month": 7,
      "variance": 0.668
    },
    {
      "year": 2012,
      "month": 8,
      "variance": 0.785
    },
    {
      "year": 2012,
      "month": 9,
      "variance": 0.93
    },
    {
      "year": 2012,
      "month": 10,
      "variance": 1.184
    },
    {
      "year": 2012,
      "month": 11,
      "variance": 1.062
    },
    {
      "year": 2012,
      "month": 12,
      "variance": 0.473
    },
    {
      "year": 2013,
      "month": 1,
      "variance": 1.09
    },
    {
      "year": 2013,
      "month": 2,
      "variance": 1.022
    },
    {
      "year": 2013,
      "month": 3,
      "variance": 0.936
    },
    {
      "year": 2013,
      "month": 4,
      "variance": 0.698
    },
    {
      "year": 2013,
      "month": 5,
      "variance": 0.804
    },
    {
      "year": 2013,
      "month": 6,
      "variance": 1.023
    },
    {
      "year": 2013,
      "month": 7,
      "variance": 0.597
    },
    {
      "year": 2013,
      "month": 8,
      "variance": 0.824
    },
    {
      "year": 2013,
      "month": 9,
      "variance": 1.019
    },
    {
      "year": 2013,
      "month": 10,
      "variance": 1.009
    },
    {
      "year": 2013,
      "month": 11,
      "variance": 1.347
    },
    {
      "year": 2013,
      "month": 12,
      "variance": 1.106
    },
    {
      "year": 2014,
      "month": 1,
      "variance": 1.132
    },
    {
      "year": 2014,
      "month": 2,
      "variance": 0.29
    },
    {
      "year": 2014,
      "month": 3,
      "variance": 1.061
    },
    {
      "year": 2014,
      "month": 4,
      "variance": 1.23
    },
    {
      "year": 2014,
      "month": 5,
      "variance": 1.187
    },
    {
      "year": 2014,
      "month": 6,
      "variance": 0.775
    },
    {
      "year": 2014,
      "month": 7,
      "variance": 0.442
    },
    {
      "year": 2014,
      "month": 8,
      "variance": 0.94
    },
    {
      "year": 2014,
      "month": 9,
      "variance": 0.952
    },
    {
      "year": 2014,
      "month": 10,
      "variance": 1.1
    },
    {
      "year": 2014,
      "month": 11,
      "variance": 0.632
    },
    {
      "year": 2014,
      "month": 12,
      "variance": 1.229
    },
    {
      "year": 2015,
      "month": 1,
      "variance": 1.291
    },
    {
      "year": 2015,
      "month": 2,
      "variance": 1.45
    },
    {
      "year": 2015,
      "month": 3,
      "variance": 1.414
    },
    {
      "year": 2015,
      "month": 4,
      "variance": 0.951
    },
    {
      "year": 2015,
      "month": 5,
      "variance": 0.917
    },
    {
      "year": 2015,
      "month": 6,
      "variance": 0.977
    },
    {
      "year": 2015,
      "month": 7,
      "variance": 0.631
    },
    {
      "year": 2015,
      "month": 8,
      "variance": 0.823
    },
    {
      "year": 2015,
      "month": 9,
      "variance": 0.87
    }
  ]
}
